"sowndiv","mu_SR","CV_SR","RP_SR","CE_SR","insurance_RP","insurance_CE"
1,162.659799222102,1.04746408315902,49.3816203342863,113.278178887816,0,0
2,217.598334923412,0.761634328499274,48.5350631883995,169.063271735013,0.846557145886848,55.785092847197
4,364.496986885652,0.569409927289895,51.44311797286,313.053868912792,-2.06149763857374,199.775690024976
8,388.223981290113,0.487721841942023,47.7989968621763,340.424984427937,1.58262347211004,227.146805540121
16,512.817517486658,0.43192802983892,53.5611732378013,459.256344248857,-4.17955290351503,345.978165361041
